Nodes,ExactExpo,BranchBound,GreedyAppro,ApproRatioGreedy,ApproRatioBB
3,0,0,0,1,1
4,0,0,0.016,1.00194,1
5,0,0,0.015,1.03103,1
6,0,0.016,0.016,1,1
7,0.015,0.032,0.021,1.39362,1
8,0.009,0.316,0,1.60853,1
9,0.047,2.657,0,1.64627,1
10,0.469,27.487,0,1.88322,1
