Nodes,ExactExpo,BranchBound,GreedyAppro,ApproRatio
3,0,0,0,1
4,0,0.016,0,1
5,0,0,0,1.59116
6,0,0,0,1.51893
7,0,0.047,0,1.69006
8,0,0.328,0,1.64822
9,0.047,2.704,0,1.62141
10,0.484,27.929,0,1.66279
